activityID,stddev_samp(hand temperature (°C)),stddev_samp(chest temperature (°C)),stddev_samp(ankle temperature (°C))
transient activities,0.1155705698005894,0.11559439600923616,0.11941937598819682
lying,0.24471512589219374,0.24259551935117143,0.25747905561163636
